"Field","ID","Type (Type)","default","en-us","ar-sa","bg-bg","zh-cn","zh-tw","hr-hr","cs-cz","da-dk","nl-nl","fi-fi","fr-fr","de-de","el-gr","he-il","hu-hu","id-id","it-it","ja-jp","ko-kr","lv-lv","lt-lt","ms-my","nb-no","fa-ir","pl-pl","pt-br","pt-pt","ro-ro","ru-ru","sr-latn-rs","sk-sk","sl-si","es-es","sv-se","th-th","tr-tr","uk-ua","vi-vn"
"Description","2","Text","","Rufus is a utility that helps format and create bootable USB flash drives, such as USB keys/pendrives, memory sticks, etc.
• Official site: https://rufus.ie
• Source Code: https://github.com/pbatard/rufus
• ChangeLog: https://github.com/pbatard/rufus/blob/master/ChangeLog.txt","برنامج Rufus هو أداة تساعد في تنسيق وإنشاء أقراص الإقلاع عن طريق USB، مثل مفاتيح USB، بطاقات الذاكرة، وغيرها.
• الموقع الرسمي: https://rufus.ie
• كود المصدر: https://github.com/pbatard/rufus
• سجل التغييرات: https://github.com/pbatard/rufus/blob/master/ChangeLog.txt","Rufus е програма, с която можете лесно да форматирате и създавате стартиращи USB устройства, карти с памет и др.
• Официален сайт: https://rufus.ie
• Изходен код: https://github.com/pbatard/rufus
• Лог на промените: https://github.com/pbatard/rufus/blob/master/ChangeLog.txt","Rufus 是一个帮助您格式化并创建可启动 USB 驱动器（如 U 盘和存储卡）的工具。
• 官方网站: https://rufus.ie
• 源代码: https://github.com/pbatard/rufus
• 更新日志: https://github.com/pbatard/rufus/blob/master/ChangeLog.txt","Rufus 是個能格式化並製作可開機 USB 快閃磁碟機（USB 隨身碟、Memory Stick 等等）的工具。
• 官方網站: https://rufus.ie
• 源始碼: https://github.com/pbatard/rufus
• 更新日誌: https://github.com/pbatard/rufus/blob/master/ChangeLog.txt","Rufus je aplikacija koja olakšava formatiranje i stvaranje USB pokretačkih jedinica.
• Službena stranica: https://rufus.ie
• Šifra izvora: https://github.com/pbatard/rufus
• ChangeLog: https://github.com/pbatard/rufus/blob/master/ChangeLog.txt","Rufus je nástroj, který pomáhá formátovat a vytvářet bootovací USB flash disky, jako jsou USB klíče, paměťové karty atd.
• Oficiální stránky: https://rufus.ie
• Zdrojový kód: https://github.com/pbatard/rufus
• Protokol změn: https://github.com/pbatard/rufus/blob/master/ChangeLog.txt","Rufus er et værktøj, der hjælper med at formatere og skabe startbare USB-flashdrev, såsom USB-nøgler/USB-pinde, USB-stik, osv.
• Officiel side: https://rufus.ie
• Kildekode: https://github.com/pbatard/rufus
• Ændrings log: https://github.com/pbatard/rufus/blob/master/ChangeLog.txt","Rufus is een programma dat helpt bij het formatteren en aanmaken van opstartbare USB-flash-drives, zoals USB-sticks, geheugensticks, enz.
• Officiële site: https://rufus.ie
• Broncode: https://github.com/pbatard/rufus
• Wijzigingslog: https://github.com/pbatard/rufus/blob/master/ChangeLog.txt","Rufus on ohjelma, joka auttaa alustamaan ja luomaan boottaavia USB-laitteita, kuten esimerkiksi USB-avaimia, muistitikkuja jne.
• Virallinen sivusto: https://rufus.ie
• Lähdekoodi: https://github.com/pbatard/rufus
• Muutosloki: https://github.com/pbatard/rufus/blob/master/ChangeLog.txt","Rufus est un utilitaire permettant de formater et de créer des média USB amorçables, tels que clés USB, mémoire flash, etc.
• Site officiel : https://rufus.ie
• Code source: https://github.com/pbatard/rufus
• ChangeLog: https://github.com/pbatard/rufus/blob/master/ChangeLog.txt","Rufus ist ein Werkzeug, welches dabei hilft, bootfähige USB-Laufwerke zu erstellen, wie beispielweise USB-Keys, Speichersticks usw.
• Offizielle Website: https://rufus.ie
• Quellcode: https://github.com/pbatard/rufus
• Änderungsprotokoll: https://github.com/pbatard/rufus/blob/master/ChangeLog.txt","Το Rufus είναι ένα βοηθητικό πρόγραμμα που βοηθά στη διαμόρφωση και τη δημιουργία μονάδων flash USB με δυνατότητα εκκίνησης, όπως κλειδιά USB/pendrives,κάρτες μνήμης κ.λπ.
• Επίσημος ιστότοπος: https://rufus.ie
• Πηγαίος κώδικας: https://github.com/pbatard/rufus
• Αρχείο καταγραφής αλλαγών: https://github.com/pbatard/rufus/blob/master/ChangeLog.txt","Rufus הוא כלי המסייע באתחול ויצירת כונני הבזק מסוג USB הניתנים לאתחול, כמו דיסק און קי, כרטיסי זיכרון וכו׳.
• האתר הרשמי: https://rufus.ie
• קוד מקור: https://github.com/pbatard/rufus
• הערות שחרור: https://github.com/pbatard/rufus/blob/master/ChangeLog.txt","A Rufus egy segédprogram, amellyel bootolható USB flash meghajtókat formázhat és készíthet, például USB kulcsokat/pendrive-okat, memóriakártyákat, stb.
• Hivatalos oldal: https://rufus.ie
• Forráskód: https://github.com/pbatard/rufus
• Változási napló: https://github.com/pbatard/rufus/blob/master/ChangeLog.txt","Rufus adalah alat yang membantu untuk memformat dan membuat perangkat USB flash menjadi bootable, seperti USB flashdisk, kartu memori, dll.
• Situs resmi: https://rufus.ie
• Kode Sumber: https://github.com/pbatard/rufus
• Catatan pergantian: https://github.com/pbatard/rufus/blob/master/ChangeLog.txt","Rufus è un programma che ti aiuta a formattare e creare una unità flash USB avviabile, come una unità USB, memory stick, ecc.
• Sito ufficiale: https://rufus.ie
• Codice sorgente: https://github.com/pbatard/rufus
• ChangeLog: https://github.com/pbatard/rufus/blob/master/ChangeLog.txt","Rufus (ルーファス) とは、起動可能なUSBフラッシュドライブ（USBメモリなど）を作成したり、フォーマットをするためのソフトウェアです。
• 公式サイト: https://rufus.ie
• ソースコード: https://github.com/pbatard/rufus
• 変更履歴: https://github.com/pbatard/rufus/blob/master/ChangeLog.txt","Rufus는 USB 메모리 및 플래시 드라이브를 포맷하고 부팅할 수 있도록 만드는 도구입니다.
• 공식 사이트: https://rufus.ie
• 소스 코드: https://github.com/pbatard/rufus
• 변경 사항: https://github.com/pbatard/rufus/blob/master/ChangeLog.txt","Rufus ir instruments ar kura palīdzību var formatēt un izveidot USB ielādes ierīces uz tādiem nesējiem, kā USB pieslēguma zibatmiņas, atmiņas kartes u.c.
• Oficiālā mājas lapa: https://rufus.ie
• Sākotnējais kods: https://github.com/pbatard/rufus
• Izmaiņas: https://github.com/pbatard/rufus/blob/master/ChangeLog.txt","Rufus programa leidžia suženklinti ir sukurti sistemų paleidimo laikmenas, kaip pvz. USB atmintukus, atminties korteles ir pan.
• Oficiali svetainė: https://rufus.ie
• Šaltinio kodas: https://github.com/pbatard/rufus
• Pakeitimų žurnalas: https://github.com/pbatard/rufus/blob/master/ChangeLog.txt","Rufus adalah utiliti yang membantu memformat dan mencipta pemacu kilat USB boot, seperti pemacu pen/kekunci USB, kayu memori, dan lain-lain.
• Laman rasmi: https://rufus.ie
• Kod Sumber: https://github.com/pbatard/rufus
• ChangeLog: https://github.com/pbatard/rufus/blob/master/ChangeLog.txt","Rufus er et verktøy som hjelper til med å formatere og lage oppstartbare USB-stasjoner, for eksempel USB-minnepinner, USB-harddisker, og lignende.
• Offisiell webside: https://rufus.ie
• Kildekode: https://github.com/pbatard/rufus
• Endringslogg: https://github.com/pbatard/rufus/blob/master/ChangeLog.txt","Rufus ابزاری است که به فرمت و ایجاد درایوهای فلش USB قابل بوت، مانند کلیدهای USB/pendrives، مموری استیک ها و غیره به شما کمک می کند.
• سایت رسمی: https://rufus.ie
• منبع کد: https://github.com/pbatard/rufus
• لیست تغییرات https://github.com/pbatard/rufus/blob/master/ChangeLog.txt","Rufus to narzędzie, które pomaga formatować i tworzyć bootowalne dyski flash USB, takie jak klucze USB / pendrive, pendrive'y itp.
• Oficjalna strona: https://rufus.ie
• Kod źródłowy: https://github.com/pbatard/rufus
• Zmiany: https://github.com/pbatard/rufus/blob/master/ChangeLog.txt","Rufus é um utilitário que ajuda a formatar e a criar unidades flash USB inicializáveis, tais como pendrives USB, cartões de memória, etc.
• Site oficial: https://rufus.ie
• Código fonte: https://github.com/pbatard/rufus
• Registro de alterações: https://github.com/pbatard/rufus/blob/master/ChangeLog.txt","Rufus é um utilitário que ajuda a formatar e a criar unidades USB inicializáveis, tais como dispositivos USB/pendrives, cartões de memória, etc.
• Site oficial: https://rufus.ie
• Código fonte: https://github.com/pbatard/rufus
• Alterações: https://github.com/pbatard/rufus/blob/master/ChangeLog.txt","Rufus este un utilitar care ajută la formatarea și crearea de drive-uri USB bootabile, precum cheile sau pendriverele USB, unități de memorie, etc.
• Site official: https://rufus.ie
• Codul Sursei: https://github.com/pbatard/rufus
• Listă de schimbări: https://github.com/pbatard/rufus/blob/master/ChangeLog.txt","Rufus - это утилита для форматирования и создания загрузочных флеш-накопителей USB.
• Официальный сайт: https://rufus.ie
• Исходный код: https://github.com/pbatard/rufus
• Изменения: https://github.com/pbatard/rufus/blob/master/ChangeLog.txt","Rufus je uslužni program koji pomaže u formatiranju i kreiranju USB fleš diskova koji se mogu pokretati, kao što su USB ključevi, memorijski štapići itd.
• Zvaničan sajt: https://rufus.ie
• Izvorni kod: https://github.com/pbatard/rufus
• Evidencija promena: https://github.com/pbatard/rufus/blob/master/ChangeLog.txt","Rufus je utilita, ktorá vám pomôže naformátovať a vytvoriť bootovacie jednotky USB Flash, ako sú napr. USB kľúče, pamäťové karty, atď.
• Oficiálna stránka: https://rufus.ie
• Zdrojový kód: https://github.com/pbatard/rufus
• Zoznam zmien: https://github.com/pbatard/rufus/blob/master/ChangeLog.txt","Rufus je program za formatiranje in ustvarjanje zagonskih naprav USB.
• Uradna stran: https://rufus.ie
• Šifra vira: https://github.com/pbatard/rufus
• ChangeLog: https://github.com/pbatard/rufus/blob/master/ChangeLog.txt","Rufus es una utilidad que le ayuda a formatear y crear dispositivos flash booteables, como «pendrives», tarjetas de memoria, etcétera.
• Sitio oficial https://rufus.ie
• Código fuente https://github.com/pbatard/rufus
• Registro de cambios https://github.com/pbatard/rufus/blob/master/ChangeLog.txt","Rufus är ett program som hjälper dig formatera och skapa startbara USB-diskar, så som USB-minnen, minneskort, etc.
• Officiell webbplats: https://rufus.ie
• Källkod: https://github.com/pbatard/rufus
• Ändringslogg: https://github.com/pbatard/rufus/blob/master/ChangeLog.txt","Rufus คือ โปรแกรมที่ช่วยฟอร์แมท และสร้าง USB แฟลชไดรฟ์ที่สามารถบูตได้จาก USB keys, pendrives, memory sticks เป็นต้น
• เว็บไซต์ทางการ: https://rufus.ie
• ซอร์สโค้ด: https://github.com/pbatard/rufus
• บันทึกการเปลี่ยนแปลง: https://github.com/pbatard/rufus/blob/master/ChangeLog.txt","Rufus, USB anahtar/bellekler, hafıza kartları vb. USB sürücüleri, biçimlendirmeye ve önyüklemeli hale getirmeye yardımcı olan bir araçtır.
• Resmi site: https://rufus.ie
• Kaynak Kodu: https://github.com/pbatard/rufus
• Sürüm Notları https://github.com/pbatard/rufus/blob/master/ChangeLog.txt","Rufus це утиліта, яка допомагає форматувати та створювати завантажувальні флешки, картки пам'яті, тощо.
• Офіційний сайт: https://rufus.ie
• Сирцевий код: https://github.com/pbatard/rufus
• Список змін: https://github.com/pbatard/rufus/blob/master/ChangeLog.txt","Rufus là một tiện ích giúp định dạng và tạo khả năng khởi động cho USB, chẳng hạn như thẻ USB/đĩa di động, thẻ nhớ, vv.
• Trang web chính thức: https://rufus.ie
• Mã nguồn: https://github.com/pbatard/rufus
• Nhật ký thay đổi: https://github.com/pbatard/rufus/blob/master/ChangeLog.txt"
"ReleaseNotes","3","Text","• Add workaround for distros that use broken symbolic links as their UEFI bootloaders (such as Mint 21.3)
• Add support for GRUB 2.12
• Fix a crash when saving .ffu images
• Fix UEFI:NTFS partition not being added, in MBR mode, for some Linux ISOs
• Prevent Microsoft Dev Drives from being listed
• Improve support for SDXC card readers
• Improve Large FAT32 formatting by aligning start of data regions to 1 MB (courtesy of Fred)",,,,,,,,,,,,,,,,,,,,,,,,,,,,,,,,,,,,,,
"Title","4","Text","Rufus",,,,,,,,,,,,,,,,,,,,,,,,,,,,,,,,,,,,,,
"ShortTitle","5","Text","",,,,,,,,,,,,,,,,,,,,,,,,,,,,,,,,,,,,,,
"SortTitle","6","Text","",,,,,,,,,,,,,,,,,,,,,,,,,,,,,,,,,,,,,,
"VoiceTitle","7","Text","",,,,,,,,,,,,,,,,,,,,,,,,,,,,,,,,,,,,,,
"ShortDescription","8","Text","","Rufus - The Reliable USB Formatting Utility","Rufus - أداة فرمتة الـ USB جديرة بالثقة","Rufus - Надеждната USB форматираща програма","Rufus - 可靠的 USB 格式化工具","Rufus - 快速可靠的 USB 格式化工具","Rufus - Pouzdan alat za formatiranje USB-a","Rufus - Spolehlivý program pro formátování USB","Rufus - Det pålidelige USB-formateringsværktøj","Rufus - de betrouwbare USB-formatteertool","Rufus - Luotettava USB-alustusohjelma","Rufus - L'utilitaire de formatage USB fiable","Rufus - Das zuverlässige USB-Formatierungstool","Rufus - Μία αξιόπιστη εφαρμογή διαμόρφωσης USB","Rufus - הכלי לאתחול USB האמין ביותר","Rufus - A megbízható USB-formázó segédprogram","Rufus - Utilitas Pemformatan USB yang Handal","Rufus - Utility affidabile per la formattazione di unità USB","Rufus - 信頼性の高い USB フォーマット ユーティリティ","Rufus - 신뢰할 수 있는 USB 포맷 유틸리티","Rufus - uzticama un vienkārša USB formatēšanas utilīta","Rufus - patikima USB formatavimo priemonė","Rufus - Utiliti pemformatan USB yang dipercayai","Rufus - Det pålitelige USB-formateringsprogrammet","Rufus، ابزاری کاربردی و قابل‌اطمینان برای فرمت کردن درایوهای USB","Rufus - niezawodne narzędzie do formatowania USB","Rufus - O Utilitário de Formatação USB Confiável","Rufus - O utilitário de confiança para formatação USB","Rufus - Instrumentul de încredere pentru formatări USB","Rufus - Надежная утилита для форматирования USB","Rufus - Pouzdan Alat Za Formatiranje USB diska","Rufus - Spoľahlivý program pre formátovanie USB","Rufus - zanesljivi pripomoček za USB formatiranje","Rufus, la herramienta de formateo de USBs en la que puedes confiar","Rufus - Det pålitliga verktyget för USB-formatering","Rufus - ยูทิลิตี้การฟอร์แมต USB ที่ไว้ใจได้","Rufus - Güvenilir USB Biçimlendirme Programı","Rufus - надійна утиліта для форматування USB-накопичувачів","Rufus - Tiện ích Định dạng USB Đáng tin cậy"
"DevStudio","9","Text","Pete Batard",,,,,,,,,,,,,,,,,,,,,,,,,,,,,,,,,,,,,,
"CopyrightTrademarkInformation","12","Text","© 2011-2024 Pete Batard",,,,,,,,,,,,,,,,,,,,,,,,,,,,,,,,,,,,,,
"AdditionalLicenseTerms","13","Text","https://www.gnu.org/licenses/gpl-3.0.html","This application is licensed under the terms of the GNU Public License (GPL) version 3.
See https://www.gnu.org/licenses/gpl-3.0.en.html for details.","هذا التطبيق مُرخص بموجب شروط رخصة جنو (GNU) العمومية (GPL) الإصدار 3.
راجع https://www.gnu.org/licenses/gpl-3.0.ar.html لمزيد من التفاصيل.","Тази програма е лицензирана според условията на GNU Public License (GPL) версия 3.
Вижте https://www.gnu.org/licenses/gpl-3.0.html за подробности.","本应用采用 GNU 通用公共许可证 (GPL) 第三版。
具体许可证见 https://www.gnu.org/licenses/gpl-3.0.zh-cn.html。","本應用採用 GNU 通用公共許可證 (GPL) 第三版。
具體許可證見 https://www.gnu.org/licenses/gpl-3.0.zh-tw.html。","Ova je aplikacija licencirana pod uvjetima GNU Javne licence (GPL) verzije 3.
Detalje potražite u https://www.gnu.org/licenses/gpl-3.0.html.","Tato aplikace je licencována podle podmínek GNU Public License (GPL) verze 3.
Podrobnosti naleznete na adrese https://www.gnu.org/licenses/gpl-3.0.html.","Denne application er licenceret under GNU Public License (GPL) version 3's vilkår.
Se https://www.gnu.org/licenses/gpl-3.0.html for detaljer.","Deze toepassing valt onder de voorwaarden van de GNU Public License (GPL) versie 3.
Zie https://www.gnu.org/licenses/gpl-3.0.nl.html voor details.","Tämä sovellus on lisensoitu GNU Public License (GPL) version 3 ehtojen mukaisesti.
Lisätietoja osoitteessa https://www.gnu.org/licenses/gpl-3.0.html (englanniksi).","Cette application est fournie sous les termes de la Licence publique générale GNU (GPL) version 3.
Veuillez consulter https://www.gnu.org/licenses/gpl-3.0.fr.html pour plus de details.","Diese Anwendung ist unter den Bedingungen der GNU Public License (GPL) Version 3 lizenziert.
Siehe https://www.gnu.org/licenses/gpl-3.0.de.html für Details.","Αυτή η εφαρμογή έχει άδεια χρήσης σύμφωνα με τους όρους της GNU Public License (GPL) έκδοση 3.
Δείτε https://www.gnu.org/licenses/gpl-3.0.html για λεπτομέρειες.","יישום זה ברישיון תחת התנאים של גרסה 3 של הרישיון הציבורי של גנו (GPL).
לפרטים נוספים, יש להיכנס אל https://www.gnu.org/licenses/gpl-3.0.html.","Ezen alkalmazás használata a GNU Public License (GPL) 3-as verzió feltételei szerint engedélyezett.
További információ: https://www.gnu.org/licenses/gpl-3.0.html.","Aplikasi ini dilisensikan di bawah ketentuan GNU Public License (GPL) versi 3.
Lihat https://www.gnu.org/licenses/gpl-3.0.html untuk detail lebih lanjut.","Questa applicazione è rilasciata sotto i termini della GNU Public License (GPL) versione 3.
Vedere https://www.gnu.org/licenses/gpl-3.0.html per dettagli.","このアプリケーションはGNU Public License (GPL) version 3でライセンスされています。
詳細は https://www.gnu.org/licenses/gpl-3.0.ja.html をご覧ください。","이 응용 프로그램은 GNU Public License (GPL) 버전 3의 조건에 따라 라이선스가 부여됩니다.
자세한 내용은 https://www.gnu.org/licenses/gpl-3.0.html 을 참조하십시오.","Šai programmai ir licences noteikumi, kā GNU Public License (GPL) version 3.
Papildinformācijai skatīt https://www.gnu.org/licenses/gpl-3.0.html.","Ši programa yra licencijuota pagal GNU viešosios licencijos (GPL) 3 versijos sąlygas.
Daugiau informacijos rasite https://www.gnu.org/licenses/gpl-3.0.html.","Permohonan ini dilesenkan di bawah syarat-syarat Lesen Awam GNU (GPL) versi 3.
Lihat https://www.gnu.org/licenses/gpl-3.0.html untuk butiran.","Dette programmet er lisensiert under GNU Public Licence (GPL) versjon 3.
Se https://www.gnu.org/licenses/gpl-3.0.html for mer informasjon.","این برنامه تحت شرایط مجوز عمومی گنو (GPL) نسخه 3 مجوز دارد.
برای جزئیات به https://www.gnu.org/licenses/gpl-3.0.html مراجعه کنید.","Ta aplikacja jest objęta licencją na warunkach licencji publicznej GNU (GPL) w wersji 3.
Z obacz https://www.gnu.org/licenses/gpl-3.0.html, aby uzyskać szczegółowe informacje.","Este software está licenciado sob os termos da GNU Public License (GPL) versão 3.
Consulte https://www.gnu.org/licenses/gpl-3.0.pt-br.html para mais detalhes.","Este software está licenciado sob os termos da GNU Public License (GPL) versão 3.
Consulte https://www.gnu.org/licenses/gpl-3.0.html para mais detalhes.","Această aplicație este sub liciența și termenii și condițiile ale lui GNU Public License (GPL) versiunea a 3-a.
Vazi https://www.gnu.org/licenses/gpl-3.0.en.html pentru detalii.","Это приложение - под лицензией GNU Public License (GPL) версии 3.
Подробнее см. https://www.gnu.org/licenses/gpl-3.0.ru.html.","Ova aplikacija je licencirana pod uslovima GNU Javne licence (GPL) verzije 3. 
Pogledajte https://www.gnu.org/licenses/gpl-3.0.en.html za više informacija.","Táto aplikácia je licencovaná podľa podmienok GNU Public License (GPL) verzia 3.
Podrobnosti nájdete na https://www.gnu.org/licenses/gpl-3.0.html.","Ta aplikacija je licencirana pod pogoji GNU Javne licence (GPL) različice 3.
Oglejte si https://www.gnu.org/licenses/gpl-3.0.html podrobnosti.","Esta aplicación tiene licencia bajo los términos de la Licencia Pública GNU (GPL) versión 3.
Consulte https://www.gnu.org/licenses/gpl-3.0.html para obtener más información.","Denna applikation är licensierad under villkoren i GNU Public License (GPL) version 3.
Se https://www.gnu.org/licenses/gpl-3.0.en.html för mer information.","แอปพลิเคชันนี้ได้รับอนุญาตภายใต้เงื่อนไขของ GNU Public License (GPL) เวอร์ชั่น 3
ดูรายละเอียดได้ที่ https://www.gnu.org/licenses/gpl-3.0.html","Bu uygulama, GNU Kamu Lisansı (GPL) sürüm 3'ün koşulları altında lisanslanmıştır.
Detaylar için https://www.gnu.org/licenses/gpl-3.0.tr.html sayfasını ziyaret edin.","Ця програма ліцензована згідно з умовами GNU Public License (GPL) version 3.
Більше: https://www.gnu.org/licenses/gpl-3.0.uk.html.","Phần mềm này đã được cấp phép dưới các điều khoản của GNU Public License (GPL) phiên bản 3.
Xem tại https://www.gnu.org/licenses/gpl-3.0.html để biết thêm chi tiết."
"DesktopScreenshot1","100","Relative path (or URL to file in Partner Center)","","listing/en-us/Screenshot1.png","listing/ar-sa/Screenshot1.png","listing/bg-bg/Screenshot1.png","listing/zh-cn/Screenshot1.png","listing/zh-tw/Screenshot1.png","listing/hr-hr/Screenshot1.png","listing/cs-cz/Screenshot1.png","listing/da-dk/Screenshot1.png","listing/nl-nl/Screenshot1.png","listing/fi-fi/Screenshot1.png","listing/fr-fr/Screenshot1.png","listing/de-de/Screenshot1.png","listing/el-gr/Screenshot1.png","listing/he-il/Screenshot1.png","listing/hu-hu/Screenshot1.png","listing/id-id/Screenshot1.png","listing/it-it/Screenshot1.png","listing/ja-jp/Screenshot1.png","listing/ko-kr/Screenshot1.png","listing/lv-lv/Screenshot1.png","listing/lt-lt/Screenshot1.png","listing/ms-my/Screenshot1.png","listing/nb-no/Screenshot1.png","listing/fa-ir/Screenshot1.png","listing/pl-pl/Screenshot1.png","listing/pt-br/Screenshot1.png","listing/pt-pt/Screenshot1.png","listing/ro-ro/Screenshot1.png","listing/ru-ru/Screenshot1.png","listing/sr-latn-rs/Screenshot1.png","listing/sk-sk/Screenshot1.png","listing/sl-si/Screenshot1.png","listing/es-es/Screenshot1.png","listing/sv-se/Screenshot1.png","listing/th-th/Screenshot1.png","listing/tr-tr/Screenshot1.png","listing/uk-ua/Screenshot1.png","listing/vi-vn/Screenshot1.png"
"DesktopScreenshot2","101","Relative path (or URL to file in Partner Center)","","listing/en-us/Screenshot2.png",,,,,,,,,,,,,,,,,,,,,,,,,,,,,,,,,,,,,
"DesktopScreenshot3","102","Relative path (or URL to file in Partner Center)","","listing/en-us/Screenshot3.png",,,,,,,,,,,,,,,,,,,,,,,,,,,,,,,,,,,,,
"DesktopScreenshot4","103","Relative path (or URL to file in Partner Center)","","listing/en-us/Screenshot4.png",,,,,,,,,,,,,,,,,,,,,,,,,,,,,,,,,,,,,
"DesktopScreenshot5","104","Relative path (or URL to file in Partner Center)","",,,,,,,,,,,,,,,,,,,,,,,,,,,,,,,,,,,,,,
"DesktopScreenshot6","105","Relative path (or URL to file in Partner Center)","",,,,,,,,,,,,,,,,,,,,,,,,,,,,,,,,,,,,,,
"DesktopScreenshot7","106","Relative path (or URL to file in Partner Center)","",,,,,,,,,,,,,,,,,,,,,,,,,,,,,,,,,,,,,,
"DesktopScreenshot8","107","Relative path (or URL to file in Partner Center)","",,,,,,,,,,,,,,,,,,,,,,,,,,,,,,,,,,,,,,
"DesktopScreenshot9","108","Relative path (or URL to file in Partner Center)","",,,,,,,,,,,,,,,,,,,,,,,,,,,,,,,,,,,,,,
"DesktopScreenshot10","109","Relative path (or URL to file in Partner Center)","",,,,,,,,,,,,,,,,,,,,,,,,,,,,,,,,,,,,,,
"DesktopScreenshotCaption1","150","Text","",,,,,,,,,,,,,,,,,,,,,,,,,,,,,,,,,,,,,,
"DesktopScreenshotCaption2","151","Text","",,,,,,,,,,,,,,,,,,,,,,,,,,,,,,,,,,,,,,
"DesktopScreenshotCaption3","152","Text","",,,,,,,,,,,,,,,,,,,,,,,,,,,,,,,,,,,,,,
"DesktopScreenshotCaption4","153","Text","",,,,,,,,,,,,,,,,,,,,,,,,,,,,,,,,,,,,,,
"DesktopScreenshotCaption5","154","Text","",,,,,,,,,,,,,,,,,,,,,,,,,,,,,,,,,,,,,,
"DesktopScreenshotCaption6","155","Text","",,,,,,,,,,,,,,,,,,,,,,,,,,,,,,,,,,,,,,
"DesktopScreenshotCaption7","156","Text","",,,,,,,,,,,,,,,,,,,,,,,,,,,,,,,,,,,,,,
"DesktopScreenshotCaption8","157","Text","",,,,,,,,,,,,,,,,,,,,,,,,,,,,,,,,,,,,,,
"DesktopScreenshotCaption9","158","Text","",,,,,,,,,,,,,,,,,,,,,,,,,,,,,,,,,,,,,,
"DesktopScreenshotCaption10","159","Text","",,,,,,,,,,,,,,,,,,,,,,,,,,,,,,,,,,,,,,
"MobileScreenshot1","200","Relative path (or URL to file in Partner Center)","",,,,,,,,,,,,,,,,,,,,,,,,,,,,,,,,,,,,,,
"MobileScreenshot2","201","Relative path (or URL to file in Partner Center)","",,,,,,,,,,,,,,,,,,,,,,,,,,,,,,,,,,,,,,
"MobileScreenshot3","202","Relative path (or URL to file in Partner Center)","",,,,,,,,,,,,,,,,,,,,,,,,,,,,,,,,,,,,,,
"MobileScreenshot4","203","Relative path (or URL to file in Partner Center)","",,,,,,,,,,,,,,,,,,,,,,,,,,,,,,,,,,,,,,
"MobileScreenshot5","204","Relative path (or URL to file in Partner Center)","",,,,,,,,,,,,,,,,,,,,,,,,,,,,,,,,,,,,,,
"MobileScreenshot6","205","Relative path (or URL to file in Partner Center)","",,,,,,,,,,,,,,,,,,,,,,,,,,,,,,,,,,,,,,
"MobileScreenshot7","206","Relative path (or URL to file in Partner Center)","",,,,,,,,,,,,,,,,,,,,,,,,,,,,,,,,,,,,,,
"MobileScreenshot8","207","Relative path (or URL to file in Partner Center)","",,,,,,,,,,,,,,,,,,,,,,,,,,,,,,,,,,,,,,
"MobileScreenshot9","208","Relative path (or URL to file in Partner Center)","",,,,,,,,,,,,,,,,,,,,,,,,,,,,,,,,,,,,,,
"MobileScreenshot10","209","Relative path (or URL to file in Partner Center)","",,,,,,,,,,,,,,,,,,,,,,,,,,,,,,,,,,,,,,
"MobileScreenshotCaption1","250","Text","",,,,,,,,,,,,,,,,,,,,,,,,,,,,,,,,,,,,,,
"MobileScreenshotCaption2","251","Text","",,,,,,,,,,,,,,,,,,,,,,,,,,,,,,,,,,,,,,
"MobileScreenshotCaption3","252","Text","",,,,,,,,,,,,,,,,,,,,,,,,,,,,,,,,,,,,,,
"MobileScreenshotCaption4","253","Text","",,,,,,,,,,,,,,,,,,,,,,,,,,,,,,,,,,,,,,
"MobileScreenshotCaption5","254","Text","",,,,,,,,,,,,,,,,,,,,,,,,,,,,,,,,,,,,,,
"MobileScreenshotCaption6","255","Text","",,,,,,,,,,,,,,,,,,,,,,,,,,,,,,,,,,,,,,
"MobileScreenshotCaption7","256","Text","",,,,,,,,,,,,,,,,,,,,,,,,,,,,,,,,,,,,,,
"MobileScreenshotCaption8","257","Text","",,,,,,,,,,,,,,,,,,,,,,,,,,,,,,,,,,,,,,
"MobileScreenshotCaption9","258","Text","",,,,,,,,,,,,,,,,,,,,,,,,,,,,,,,,,,,,,,
"MobileScreenshotCaption10","259","Text","",,,,,,,,,,,,,,,,,,,,,,,,,,,,,,,,,,,,,,
"XboxScreenshot1","300","Relative path (or URL to file in Partner Center)","",,,,,,,,,,,,,,,,,,,,,,,,,,,,,,,,,,,,,,
"XboxScreenshot2","301","Relative path (or URL to file in Partner Center)","",,,,,,,,,,,,,,,,,,,,,,,,,,,,,,,,,,,,,,
"XboxScreenshot3","302","Relative path (or URL to file in Partner Center)","",,,,,,,,,,,,,,,,,,,,,,,,,,,,,,,,,,,,,,
"XboxScreenshot4","303","Relative path (or URL to file in Partner Center)","",,,,,,,,,,,,,,,,,,,,,,,,,,,,,,,,,,,,,,
"XboxScreenshot5","304","Relative path (or URL to file in Partner Center)","",,,,,,,,,,,,,,,,,,,,,,,,,,,,,,,,,,,,,,
"XboxScreenshot6","305","Relative path (or URL to file in Partner Center)","",,,,,,,,,,,,,,,,,,,,,,,,,,,,,,,,,,,,,,
"XboxScreenshot7","306","Relative path (or URL to file in Partner Center)","",,,,,,,,,,,,,,,,,,,,,,,,,,,,,,,,,,,,,,
"XboxScreenshot8","307","Relative path (or URL to file in Partner Center)","",,,,,,,,,,,,,,,,,,,,,,,,,,,,,,,,,,,,,,
"XboxScreenshot9","308","Relative path (or URL to file in Partner Center)","",,,,,,,,,,,,,,,,,,,,,,,,,,,,,,,,,,,,,,
"XboxScreenshot10","309","Relative path (or URL to file in Partner Center)","",,,,,,,,,,,,,,,,,,,,,,,,,,,,,,,,,,,,,,
"XboxScreenshotCaption1","350","Text","",,,,,,,,,,,,,,,,,,,,,,,,,,,,,,,,,,,,,,
"XboxScreenshotCaption2","351","Text","",,,,,,,,,,,,,,,,,,,,,,,,,,,,,,,,,,,,,,
"XboxScreenshotCaption3","352","Text","",,,,,,,,,,,,,,,,,,,,,,,,,,,,,,,,,,,,,,
"XboxScreenshotCaption4","353","Text","",,,,,,,,,,,,,,,,,,,,,,,,,,,,,,,,,,,,,,
"XboxScreenshotCaption5","354","Text","",,,,,,,,,,,,,,,,,,,,,,,,,,,,,,,,,,,,,,
"XboxScreenshotCaption6","355","Text","",,,,,,,,,,,,,,,,,,,,,,,,,,,,,,,,,,,,,,
"XboxScreenshotCaption7","356","Text","",,,,,,,,,,,,,,,,,,,,,,,,,,,,,,,,,,,,,,
"XboxScreenshotCaption8","357","Text","",,,,,,,,,,,,,,,,,,,,,,,,,,,,,,,,,,,,,,
"XboxScreenshotCaption9","358","Text","",,,,,,,,,,,,,,,,,,,,,,,,,,,,,,,,,,,,,,
"XboxScreenshotCaption10","359","Text","",,,,,,,,,,,,,,,,,,,,,,,,,,,,,,,,,,,,,,
"HolographicScreenshot1","400","Relative path (or URL to file in Partner Center)","",,,,,,,,,,,,,,,,,,,,,,,,,,,,,,,,,,,,,,
"HolographicScreenshot2","401","Relative path (or URL to file in Partner Center)","",,,,,,,,,,,,,,,,,,,,,,,,,,,,,,,,,,,,,,
"HolographicScreenshot3","402","Relative path (or URL to file in Partner Center)","",,,,,,,,,,,,,,,,,,,,,,,,,,,,,,,,,,,,,,
"HolographicScreenshot4","403","Relative path (or URL to file in Partner Center)","",,,,,,,,,,,,,,,,,,,,,,,,,,,,,,,,,,,,,,
"HolographicScreenshot5","404","Relative path (or URL to file in Partner Center)","",,,,,,,,,,,,,,,,,,,,,,,,,,,,,,,,,,,,,,
"HolographicScreenshot6","405","Relative path (or URL to file in Partner Center)","",,,,,,,,,,,,,,,,,,,,,,,,,,,,,,,,,,,,,,
"HolographicScreenshot7","406","Relative path (or URL to file in Partner Center)","",,,,,,,,,,,,,,,,,,,,,,,,,,,,,,,,,,,,,,
"HolographicScreenshot8","407","Relative path (or URL to file in Partner Center)","",,,,,,,,,,,,,,,,,,,,,,,,,,,,,,,,,,,,,,
"HolographicScreenshot9","408","Relative path (or URL to file in Partner Center)","",,,,,,,,,,,,,,,,,,,,,,,,,,,,,,,,,,,,,,
"HolographicScreenshot10","409","Relative path (or URL to file in Partner Center)","",,,,,,,,,,,,,,,,,,,,,,,,,,,,,,,,,,,,,,
"HolographicScreenshotCaption1","450","Text","",,,,,,,,,,,,,,,,,,,,,,,,,,,,,,,,,,,,,,
"HolographicScreenshotCaption2","451","Text","",,,,,,,,,,,,,,,,,,,,,,,,,,,,,,,,,,,,,,
"HolographicScreenshotCaption3","452","Text","",,,,,,,,,,,,,,,,,,,,,,,,,,,,,,,,,,,,,,
"HolographicScreenshotCaption4","453","Text","",,,,,,,,,,,,,,,,,,,,,,,,,,,,,,,,,,,,,,
"HolographicScreenshotCaption5","454","Text","",,,,,,,,,,,,,,,,,,,,,,,,,,,,,,,,,,,,,,
"HolographicScreenshotCaption6","455","Text","",,,,,,,,,,,,,,,,,,,,,,,,,,,,,,,,,,,,,,
"HolographicScreenshotCaption7","456","Text","",,,,,,,,,,,,,,,,,,,,,,,,,,,,,,,,,,,,,,
"HolographicScreenshotCaption8","457","Text","",,,,,,,,,,,,,,,,,,,,,,,,,,,,,,,,,,,,,,
"HolographicScreenshotCaption9","458","Text","",,,,,,,,,,,,,,,,,,,,,,,,,,,,,,,,,,,,,,
"HolographicScreenshotCaption10","459","Text","",,,,,,,,,,,,,,,,,,,,,,,,,,,,,,,,,,,,,,
"StoreLogo720x1080","600","Relative path (or URL to file in Partner Center)","",,,,,,,,,,,,,,,,,,,,,,,,,,,,,,,,,,,,,,
"StoreLogo1080x1080","601","Relative path (or URL to file in Partner Center)","",,,,,,,,,,,,,,,,,,,,,,,,,,,,,,,,,,,,,,
"StoreLogo300x300","602","Relative path (or URL to file in Partner Center)","",,,,,,,,,,,,,,,,,,,,,,,,,,,,,,,,,,,,,,
"OverrideLogosForWin10","603","True/False","FALSE",,,,,,,,,,,,,,,,,,,,,,,,,,,,,,,,,,,,,,
"StoreLogoOverride150x150","604","Relative path (or URL to file in Partner Center)","",,,,,,,,,,,,,,,,,,,,,,,,,,,,,,,,,,,,,,
"StoreLogoOverride71x71","605","Relative path (or URL to file in Partner Center)","",,,,,,,,,,,,,,,,,,,,,,,,,,,,,,,,,,,,,,
"PromoImage1920x1080","606","Relative path (or URL to file in Partner Center)","",,,,,,,,,,,,,,,,,,,,,,,,,,,,,,,,,,,,,,
"PromoImage2400x1200","607","Relative path (or URL to file in Partner Center)","",,,,,,,,,,,,,,,,,,,,,,,,,,,,,,,,,,,,,,
"XboxBrandedKeyArt584x800","608","Relative path (or URL to file in Partner Center)","",,,,,,,,,,,,,,,,,,,,,,,,,,,,,,,,,,,,,,
"XboxTitledHero1920x1080","609","Relative path (or URL to file in Partner Center)","",,,,,,,,,,,,,,,,,,,,,,,,,,,,,,,,,,,,,,
"XboxFeaturedPromo1080x1080","610","Relative path (or URL to file in Partner Center)","",,,,,,,,,,,,,,,,,,,,,,,,,,,,,,,,,,,,,,
"OptionalPromo358x358","611","Relative path (or URL to file in Partner Center)","",,,,,,,,,,,,,,,,,,,,,,,,,,,,,,,,,,,,,,
"OptionalPromo1000x800","612","Relative path (or URL to file in Partner Center)","",,,,,,,,,,,,,,,,,,,,,,,,,,,,,,,,,,,,,,
"OptionalPromo414x180","613","Relative path (or URL to file in Partner Center)","",,,,,,,,,,,,,,,,,,,,,,,,,,,,,,,,,,,,,,
"Feature1","700","Text","","Format USB, flash card and virtual drives to FAT/FAT32/NTFS/UDF/exFAT/ReFS/ext2/ext3","تهيئة USB وبطاقة الفلاش ومحركات الأقراص الافتراضية إلى FAT / FAT32 / NTFS / UDF / exFAT / ReFS / ext2 / ext3","Форматиране на USB, карти памет и виртуални устройства с FAT/FAT32/NTFS/UDF/exFAT/ReFS/ext2/ext3","将 U 盘、存储卡或虚拟驱动器格式化为 FAT/FAT32/NTFS/UDF/exFAT/ReFS/ext2/ext3 格式","將隨身碟、記憶卡或虛擬光碟機格式化為 FAT/FAT32/NTFS/UDF/exFAT/ReFS/ext2/ext3 格式","Formatirajte USB, flash karticu i virtualne pogone na FAT/FAT32/NTFS/UDF/exFAT/ReFS/ext2/ext3","Formátování USB, flash karet a virtuálních jednotek na FAT/FAT32/NTFS/UDF/exFAT/ReFS/ext2/ext3","Formater USB, flash kort og virtuelle drev til FAT/FAT32/NTFS/UDF/exFAT/ReFS/ext2/ext3","USB, flashkaart en virtuele schijven formatteren naar FAT/FAT32/NTFS/UDF/exFAT/ReFS/ext2/ext3","Alusta USB-asemia, muistikortteja ja virtuaalisia asemia muotoon FAT/FAT32/NTFS/UDF/exFAT/ReFS/ext2/ext3","Formatez des périphériques USB, des cartes flash et des disques virtuels en FAT/FAT32/NTFS/UDF/exFAT/ReFS/ext2/ext3","Formatieren von USB, Flash-Karte und virtuellen Laufwerken in FAT/FAT32/NTFS/UDF/exFAT/ReFS/ext2/ext3","Μορφοποίηση USB, κάρτας flash και εικονικών μονάδων δίσκου σε FAT/FAT32/NTFS/UDF/exFAT/ReFS/ext2/ext3","אתחול USB, כרטיסי זיכרון וכוננים וירטואליים ל־FAT/FAT32/NTFS/UDF/exFAT/ReFS/ext2/ext3","USB, flash memóriakártyák és virtuális meghajtók formázása FAT/FAT32/NTFS/UDF/exFAT/ReFS/ext2/ext3 fájlrendszerre","Format USB, kartu flash dan penyimpanan maya ke FAT/FAT32/NTFS/UDF/exFAT/ReFS/ext2/ext3","Formatta USB, flash card e unità virtuali in FAT/FAT32/NTFS/UDF/exFAT/ReFS/ext2/ext3","USBメモリやSDカード、仮想ドライブをFAT/FAT32/NTFS/UDF/exFAT/ReFS/ext2/ext3でフォーマットします。","USB, 플래시 카드 및 가상 드라이브를 FAT/FAT32/NTFS/UDF/exFAT/ReFS/ext2/ext3로 포맷","Formatē USB, atmiņas kartes un virtuālos diskus formātos FAT/FAT32/NTFS/UDF/exFAT/ReFS/ext2/ext3","Suformatuokite USB, flash kortelę ir virtualius diskus į FAT32/NTFS/UDF/exFAT/ReFS/ext2/ext3","Formatkan USB, kad flash dan pemacu maya kepada FAT/FAT32/NTFS/UDF/exFAT/ReFS/ext2/ext3","Formater USB, minnekort og virtuelle disker til FAT/FAT32/NTFS/UDF/exFAT/ReFS/ext2/ext3","فرمت USB، فلش کارت و درایوهای مجازی به FAT/FAT32/NTFS/UDF/exFAT/ReFS/ext2/ext3","Sformatuj nośnik używając: FAT/FAT32/NTFS/UDF/exFAT/ReFS/ext2/ext3","Formatar dispositivos USB, cartões flash e discos virtuais com FAT/FAT32/NTFS/UDF/exFAT/ReFS/ext2/ext3","Formatar dispositivos USB, cartão de memória e drives virtuais em FAT/FAT32/NTFS/UDF/exFAT/ReFS/ext2/ext3","Formatează USB, card flash si drive-uri virtuale la FAT/FAT32/NTFS/UDF/exFAT/ReFS/ext2/ext3","Форматировать USB, флешки и виртуальные диски в FAT/FAT32/NTFS/UDF/exFAT/ReFS/ext2/ext3","Formatiraj USB, flash kartice, i virtualne diskove u FAT/FAT32/NTFS/UDF/exFAT/ReFS/ext2/ext3","Naformátujte USB, kartu a virtuálne disky do FAT/FAT32/NTFS/UDF/exFAT/ReFS/ext2/ext3","FormatIRANJE USB, bliskavice in virtualnih pogonov na FAT/FAT32/NTFS/UDF/exFAT/ReFS/ext2/ext3","Formatee USB, tarjetas flash y unidades virtuales a FAT/FAT32/NTFS/UDF/exFAT/ReFS/ext2/ext3","Formatera USB-enheter, flash-kort och virtuella enheter till FAT/FAT32/NTFS/UDF/exFAT/ReFS/ext2/ext3","ฟอร์แมต USB, แฟลชการ์ด หรือไดร์ฟจำลองให้อยู่ในรูปแบบของ FAT/FAT32/NTFS/UDF/exFAT/ReFS/ext2/ext3","USB, flash kart ve sanal sürücüleri FAT/FAT32/NTFS/UDF/exFAT/ReFS/ext2/ext3 olarak biçimlendirin","Форматування USB-накопичувачів, флешок, карток пам'яті у FAT/FAT32/NTFS/UDF/exFAT/ReFS/ext2/ext3","Định dạng USB, thẻ nhớ hoặc ổ nhớ ảo với FAT/FAT32/NTFS/UDF/exFAT/ReFS/ext2/ext3"
"Feature2","701","Text","","Create FreeDOS bootable USB drives","إنشاء محركات أقراص USB قابلة للتشغيل من FreeDOS","Създаване на FreeDOS стартиращ USB устройства","创建 FreeDOS 可启动驱动器","建立 FreeDOS  可啟隨身碟","Stvaranje FreeDOS USB pogona za pokretanje","Vytvoření bootovacích disků USB se systémem FreeDOS","Lav FreeDOS opstartsbare USB drev","FreeDOS opstartbare USB-schijven aanmaken","Luo boottaavia FreeDOS USB-asemia","Créez des disques amorçable FreeDOS","FreeDOS-bootfähige USB-Laufwerke erstellen","Δημιουργήστε μονάδες USB με δυνατότητα εκκίνησης FreeDOS","יצירת כונני USB הניתנים לאתחול של FreeDOS","Bootolható FreeDOS USB meghajtó készítése","Buat perangkat USB FreeDOS yang dapat di boot","Crea unità USB avviabili FreeDOS","FreeDOSの起動可能ドライブを作成します。","FreeDOS 부팅 가능한 USB 드라이브 만들기","Izveido FreeDOS ielādes USB ierīces","Sukurkite FreeDOS įkrovos USB diskus","Buat pemacu USB boleh boot FreeDOS","Lag FreeDos oppstartbar USB stick","درایوهای USB قابل بوت FreeDOS را ایجاد کنید","Stwórz bootowalny nośnik USB FreeDOS","Criar discos USB inicializáveis FreeDOS","Criar unidades USB inicializáveis FreeDOS","Crează drive USB bootabil FreeDOS","Создать загрузочные USB-диски FreeDOS","Kreiraj FreeDOS butabilni USB disk","Vytvorte bootovacie usb zariadenia FreeDOS","Ustvarite FreeDOS zagonske USB pogone","Crear unidades USB de arranque FreeDOS","Skapa FreeDOS startbara USB-enheter","สร้าง USB ไดร์ฟที่บูตได้สำหรับระบบ FreeDOS","FreeDOS önyüklenebilir USB sürücüleri oluşturun","Створення завантажувальних пристроїв FreeDOS","Tạo USB có thể khởi động với FreeDOS"
"Feature3","702","Text","","Create bootable drives from bootable ISOs (Windows, Linux, etc.)","إنشاء محركات أقراص قابلة للتمهيد من ملفات ISO القابلة للتمهيد (Windows و Linux وما إلى ذلك)","Създаване на стартиращи устройства от ISO образи (Windows, Linux и др.)","从可启动 ISO 文件 (Windows 和 Linux 等) 创建可启动驱动器","從可啟動 ISO 檔案 (Windows 和 Linux 等) 建立可啟動隨身碟","Stvaranje pogona za pokretanje iz ISO-ova za pokretanje (Windows, Linux itd.)","Vytváření bootovacích jednotek ze zaváděcích ISO (Windows, Linux atd.)","Lav opstartsbarer drev fra opstartsbarer ISOer (Window, Linux, osv.)","Opstartbare schijven aanmaken via opstartbare ISO's (Windows, Linux, enz)","Luo käynnistysasemia boottaavista ISO-kuvista (Windows, Linux jne.)","Créez des disques amorçables à partir d'images ISOs (Windows, Linux, etc.)","Erstellen bootfähiger Laufwerke aus bootfähigen ISOs (Windows, Linux, etc.)","Δημιουργήστε εκκινήσιμες μονάδες από ISO με δυνατότητα εκκίνησης (Windows, Linux, κ.λπ.)","יצירת כוננים הניתנים לאתחול מקובצי ISO הניתנים לאתחול (Windows‏, Linux וכו')","Bootolható meghajtók készítése bootolható ISO képfájlokból (Windows, Linux, stb.)","Buat perangkat yang dapat di boot dari ISO (Windows, Linux, dll.)","Crea unità avviabili da ISO avviabili (Windows, Linux, ecc.)","WindowsやLinuxなどのISOファイルから起動可能ドライブを作成します。","부팅 가능한 ISO (Windows, Linux 등)에서 부팅 가능한 드라이브 만들기","Izveido ielādes ierīces no ISO failiem (Windows, Linux, u.c.)","Sukurkite įkrovos diskus iš įkrovos ISO (Windows, Linux ir kt.)","Buat pemacu boleh boot daripada ISO boleh boot (Windows, Linux, dll.)","Lag oppstartabar enhet/disk fra ISOer (Windows, Linux, etc.)","ایجاد درایوهای قابل بوت از ISOهای قابل بوت (ویندوز، لینوکس و غیره)","Twórz dyski rozruchowe z obrazów ISO (Windows, Linux itp.)","Criar discos inicializáveis a partir de ISOs inicializáveis (Windows, Linux, etc.)","Criar unidades inicializáveis a partir de ISOs inicializáveis (Windows, Linux, etc.)","Crează drive-uri bootabile de la ISO-uri bootabile (Windows, Linux, etc.)","Создать загрузочные диски из загрузочных ISO-образов (Windows, Linux и т.д.)","Kreirajte disk jedinice za pokretanje sistema od ISO-a koji se mogu pokretanja sistema (Windows, Linux itd.)","Vytvorte bootovacie jednotky z ISO súborov (Windows, Linux atď.)","Ustvarite zagonske pogone iz zagonskih ISO-jev (Windows, Linux itd.)","Cree unidades de arranque desde ISO de arranque (Windows, Linux, etc.)","Skapa startbara enheter från startbara ISO-filer (Windows, Linux, etc.)","สร้าง USB ไดร์ฟที่บูตได้จากไฟล์อิมเมจที่บูตได้ (เช่น ไฟล์ติดตั้ง Windows หรือ Linux เป็นต้น)","Önyüklenebilir ISO'lardan önyüklenebilir sürücüler oluşturun (Windows, Linux, vb.)","Створення завантажувальних пристроїв з завантажувальних образів (Windows, Linux, тощо)","Tạo ổ đĩa có thể khởi động từ các file ISO có thể khởi động (Windows, Linux, v.v...)"
"Feature4","703","Text","","Create bootable drives from bootable disk images, including compressed ones","إنشاء محركات أقراص قابلة للتمهيد من صور الأقراص القابلة للتمهيد ، بما في ذلك الأقراص المضغوطة","Създаване на стартиращи устройства от образи, включително компресирани такива","从可启动硬盘镜像 (包括压缩镜像) 创建可启动驱动器","從可啟動硬碟映像檔 (包括壓縮映像檔) 建立可啟動隨身碟","Stvaranje pogona za pokretanje iz slika diska za pokretanje, uključujući komprimirane","Vytváření zaváděcích jednotek ze zaváděcích obrazů disků, včetně komprimovaných","Lav opstartsbarer drev fra opstartsbarer disk billeder, inklusiv komprimerede billeder","Opstartbare schijven aanmaken van opstartbare schijf-images, inclusief gecomprimeerde images","Luo käynnistysasemia boottaavista levykuvista, pakatut kuvat mukaanlukien","Créez des disques amorçables à partir d'images disque, y compris à partir d'images compressées","Erstellen bootfähiger Laufwerke aus bootfähigen Festplatten-Images, einschließlich komprimierter Images","Δημιουργήστε μονάδες εκκίνησης από εικόνες δίσκου με δυνατότητα εκκίνησης, συμπεριλαμβανομένων συμπιεσμένων","יצירת כוננים הניתנים לאתחול מקובצי תמונת דיסק הניתנים לאתחול, כולל קבצים דחוסים","Bootolható meghajtók készítése bootolható lemez képfájlokból, beleértve a tömörítetteket is","Buat perangkat yang dapat di boot dari Disk Image, termasuk yang Disk Image yang terkompresi","Crea unità avviabili da immagini disco avviabili, incluse quelle compresse","圧縮済みのものを含むディスクイメージから起動可能ドライブを作成します。","압축된 이미지를 포함하여 부팅 가능한 디스크 이미지에서 부팅 가능한 드라이브 만들기","Izveido ielādes ierīces no ielādes disku virtuālajiem attēliem, tai skaitā arī no saspiestajiem","Sukurkite įkrovos diskus iš įkrovos disko vaizdų, įskaitant suspaustus","Buat pemacu boleh boot daripada imej cakera boleh boot, termasuk yang dimampatkan","Lag oppstartbare disker fra images, inkludert komprimerte sådan","درایوهای قابل بوت را از تصاویر دیسک قابل بوت، از جمله موارد فشرده، ایجاد کنید","Twórz dyski rozruchowe z obrazów dysków, włączając skompresowane","Criar discos inicializáveis a partir de imagens de disco inicializáveis, inclusive de imagens compactadas","Criar unidades inicializáveis a partir de imagens de disco inicializáveis, inclusive de imagens compactadas","Crează drive-uri de la imagini de disc bootabile, incluzând cele compresate","Создать загрузочные диски из образов загрузочных дисков, в том числе сжатых","Kreiranje disk jedinica za pokretanje sistema sa slika diska koji se može pokretanja, uključujući kompresovane","Vytvorte bootovacie jednotky z diskových obrazov, vrátane tých komprimovaných","Ustvarite zagonske pogone iz slik diska, ki jih je mogoče zagnati, vključno s stisnjenimi","Cree unidades de arranque a partir de imágenes de disco de arranque, incluidas las comprimidas","Skapa startbara enheter från startbara diskavbildningar, inklusive komprimerade","สร้างไดร์ฟที่บูตได้จากดิสก์อิมเมจที่บูตได้ รวมไปถึงอันที่ถูกบีบอัด","Sıkıştırılmış olanlar da dahil olmak üzere önyüklenebilir disk yansısından önyüklenebilir sürücüler oluşturun","Створення завантажувальних пристроїв з завантажувальних образів, у тому числі стиснутих","Tạo ổ đĩa có thể khởi động từ các tệp đĩa có thể khởi động, bao gồm cả tệp nén"
"Feature5","704","Text","","Create BIOS or UEFI bootable drives, including UEFI bootable NTFS","إنشاء BIOS أو محركات أقراص UEFI قابلة للتمهيد ، بما في ذلك NTFS القابل للتشغيل من UEFI","Създаване на BIOS или UEFI стартиращи устройства, включително UEFI стартиращ NTFS","创建 BIOS 或 UEFI 可启动驱动器，包括 UEFI 可启动的 NTFS 驱动器","建立 BIOS 或 UEFI 可啟動隨身碟，包括 UEFI 可啟動的 NTFS 隨身碟","Stvaranje BIOS ili UEFI pogona za pokretanje, uključujući UEFI NTFS za pokretanje","Vytvořte zaváděcí jednotky BIOS nebo UEFI, včetně zaváděcích souborů NTFS UEFI","Lav BIOS eller UEFI opstartsbarer drev, inklusiv UEFI opstartsbarer NTFS","BIOS of UEFI opstartbare schijven aanmaken, inclusief UEFI opstartbare NTFS","Luo BIOS- tai UEFI-boottaavia asemia, mukaanlukien UEFI-boottaavat NTFS-asemat","Créez des disques amorçables BIOS ou UEFI, y compris des disques UEFI amorçables utilisant NTFS","Erstellen von BIOS- oder UEFI-bootfähigen Laufwerken, einschließlich UEFI-bootfähigem NTFS","Δημιουργήστε μονάδες δίσκου με δυνατότητα εκκίνησης BIOS ή UEFI, συμπεριλαμβανομένων NTFS με δυνατότητα εκκίνησης UEFI","יצירת כוננים הניתנים לאתחול ממחשבים התומכים ב־BIOS או UEFI, לרבות כוננים הניתנים לאתחול מ־UEFI, המשתמשים במערכת הקבצים NTFS","BIOS-ból vagy UEFI-ből bootolható meghajtók készítése, beleértve az UEFI-ből bootolható NTFS meghajtókat is","Buat perangkat BIOS atau UEFI yang dapat di boot, termasuk perangkat NTFS yang dapat di boot oleh UEFI","Crea unità avviabili BIOS o UEFI, incluso NTFS avviabile UEFI","UEFI:NTFSを含むBIOS及びUEFIで起動可能なドライブを作成します。","UEFI 부팅 가능한 NTFS를 포함하여 BIOS 또는 UEFI 부팅 가능 드라이브 만들기","Izveido BIOS vai UEFI ielādes ierīces, ieskaitot UEFI ielādi no NTFS","Sukurkite BIOS arba UEFI įkrovos diskus, įskaitant UEFI įkrovos NTFS","Buat pemacu boleh boot BIOS atau UEFI, termasuk NTFS boleh boot UEFI","Lag BIOS eller UEFI oppstartbare disker, inkludert UEFI oppstartbar NTFS","درایوهای قابل بوت بایوس یا UEFI از جمله NTFS قابل بوت UEFI ایجاد کنید","Stwórz dysk rozruchowy BIOS lub UEFI, włączając bootowalny dysk UEFI NTFS","Criar discos inicializáveis ​​BIOS ou UEFI, inclusive discos UEFI inicializáveis ​​usando NTFS","Criar discos inicializáveis ​​BIOS ou UEFI, inclusive discos UEFI inicializáveis ​​usando NTFS","Crează discuri bootabile BIOS sau UEFI, incluzând NTFS-uri bootabile de UEFI","Создать загрузочные диски BIOS или UEFI, включая загрузочный UEFI NTFS","Kreiranje BIOS ili UEFI disk jedinica za pokretanje sistema, uključujući NTFS sa UEFI pokretanjem sistema","Vytvorte bootovacie jednotky systému BIOS alebo UEFI vrátane UEFI bootovateľnej jednotky NTFS","Ustvarite zagonske pogone BIOS ali UEFI, vključno z UEFI bootable NTFS","Cree unidades de arranque BIOS o UEFI, incluido NTFS de arranque UEFI","Skapa BIOS- eller UEFI-startbara enheter, inklusive UEFI-startbar NTFS","สร้างไดร์ฟที่บูตได้จาก BIOS หรือ UEFI รวมไปถึง NTFS ที่บูตได้จาก UEFI","UEFI önyüklenebilir NTFS dahil BIOS ya da UEFI önyüklenebilir sürücüler oluşturun","Створення завантажувальних пристроїв BIOS чи UEFI, включаючи завантажувальний UEFI NTFS","Tạo ổ đĩa có thể khởi động với hệ thống BIOS hoặc UEFI, bao gồm cả NTFS có thể khởi động với UEFI"
"Feature6","705","Text","","Create 'Windows To Go' drives","إنشاء محركات أقراص ""Windows To Go\","Създаване на 'Windows To Go' устройства","创建 'Windows To Go' 驱动器","建立 'Windows To Go' 隨身碟","Stvaranje pogona ""Windows To Go\","Vytvoření jednotek ""Windows To Go","Lav 'Windows To Go' drev","'Windows To Go'-schijven aanmaken","Luo 'Windows To Go' -asemia","Créez des disques 'Windows To Go'","Erstellen von ""Windows To Go""-Laufwerken","Δημιουργήστε μονάδες δίσκου ""Windows To Go\","יצירת כונני Windows To Go","'Windows To Go' meghajtók készítése","Buat perangkat Windows To Go","Crea unità 'Windows To Go'","Windows To Goドライブを作成します。","'Windows To Go' 드라이브 만들기","Izveido 'Windows To Go' ierīces","Sukurkite ""Windows To Go"" diskus","Buat pemacu 'Windows To Go'","Lag 'Windows To Go' disker","درایوهای ""Windows To Go"" را ایجاد کنید","Stwórz dysk 'Windows To Go'","Criar discos 'Windows To Go'","Criar discos 'Windows To Go'","Crează discuri 'Windows To Go'","Создание дисков Windows To Go","Kreiranje disk jedinica ""Windows to Go\","Vytvorte jednotky „Windows To Go\","Ustvarjanje pogonov »Windows To Go'","Cree unidades 'Windows To Go'","Skapa 'Windows To Go'-enheter","สร้างไดร์ฟของ 'Windows To Go'","'Windows To Go' sürücüleri oluşturun","Створення пристроїв 'Windows To Go'","Tạo ổ đĩa 'Windows To Go'"
"Feature7","706","Text","","Create Windows 11 installation drives for PCs that don't have TPM or Secure Boot","قم بإنشاء محركات تثبيت ويندوز 11 لأجهزة الكمبيوتر التي لا تحتوي على TPM أو التمهيد الآمن","Създаване на Windows 11 инсталационно устройство за компютри, които нямат TPM или Secure Boot","为没有 TPM 或安全启动功能的电脑创建 Windows 11 安装驱动器","為沒有 TPM 或安全開機功能的電腦建立 Windows 11 安裝隨身碟","Stvaranje instalacijskih pogona sustava Windows 11 za PC-jeve koji nemaju TPM ili Sigurno pokretanje","Vytvoření instalačních jednotek systému Windows 11 pro počítače bez čipu TPM nebo Secure Boot","Lav Windows 11 installations drev for PCer der ikker har TPM eller Secure Boot","Windows 11 installatieschijven aanmaken voor pc's die geen TPM of Secure Boot hebben","Luo Windows 11 -asennusasemia tietokoneille, jotka eivät tue TPM- tai Secure Boot -ominaisuuksia","Créez des disques d'installation Windows 11 pour des PCs qui ne disposent pas de TPM ou Secure Boot","Erstellen von Windows 11-Installationslaufwerken für PCs ohne TPM oder Secure Boot","Δημιουργήστε μονάδες εγκατάστασης των Windows 11 για υπολογιστές που δεν διαθέτουν TPM ή Ασφαλή Εκκίνηση","יצירת כונני התקנה של Windows 11 עבור מחשבים שאין להם TPM או Secure Boot","Windows 11 telepítési meghajtók készítése olyan PC-k számára, amelyek nem rendelkeznek TPM vagy Secure Boot funkciókkal","Buat perangkat pemasang Windows 11 untuk PC yang tidak mempunyai TPM atau Secure Boot","Crea unità di installazione di Windows 11 per PC che non dispongono di TPM o avvio protetto","TPM及びセキュアブート非対応のPC向けのWindows 11インストールドライブを作成します","TPM 또는 보안 부팅이 없는 PC용 Windows 11 설치 드라이브 만들기","Izveido Windows 11 instalācijas ierīces datoriem, kam nav TPM vai Secure Boot","Sukurkite Windows 11 diegimo diskus kompiuteriams, kuriuose nėra TPM arba saugaus įkrovimo","Buat pemacu pemasangan Windows 11 untuk PC yang tidak mempunyai TPM atau But Selamat","Lag oppstartsmedia for Windows 11 som ikke krever TPM eller Secure Boot","درایوهای نصب ویندوز 11 را برای رایانه هایی که TPM یا Secure Boot ندارند ایجاد کنید","Twórz dyski instalacyjne systemu Windows 11 dla komputerów, które nie posiadają modułu TPM ani Secure Boot","Criar discos de instalação do Windows 11 para PCs que não possuem TPM ou Secure Boot","Criar discos de instalação do Windows 11 para PCs que não possuem TPM ou Secure Boot","Crează drive de instalare Windows 11 pe computere care nu au TPM sau Bootare Securizată","Создать установочные диски Windows 11 для компьютеров без TPM или безопасной загрузки","Kreiranje windows 11 instalacionih disk jedinica za računare koji nemaju TPM ili bezbedno pokretanje sistema","Vytvorte inštalačné jednotky Windows 11 pre počítače, ktoré nemajú modul TPM, ani Secure Boot","Ustvarjanje namestitvenih pogonov za Windows 11 za računalnike, ki nimate TPM ali Varnega zagona","Cree unidades de instalación de Windows 11 para PC que no tienen TPM o Arranque seguro","Skapa installationsenheter till Windows 11 för datorer som inte har TPM eller säker start","สร้างไดร์ฟติดตั้ง Windows 11 สำหรับคอมพิวเตอร์ที่ไม่มี TPM หรือ SecureBoot","TPM ya da Güvenli Önyüklemeye sahip olmayan bilgisayarlar için Windows 11 kurulum sürücüleri oluşturun","Створення інсталяційних дисків Windows 11 для ПК, які не мають TPM чи Secure Boot","Tạo ổ đĩa cài đặt Windows 11 cho các máy tính không có TPM hoặc Secure Boot"
"Feature8","707","Text","","Create persistent Linux partitions","إنشاء Persistent Linux partitions","Създаване на устойчиви Linux дялове","创建持久 Linux 分区","建立持續性 Linux 磁區","Stvaranje trajnih Linux particija","Vytvoření trvalých oddílů systému Linux","Lav vedvarende Linux adskillelser","Persistent Linux partities aanmaken","Luo pysyviä Linux-osioita","Créez des partitions persistentes pour Linux","Persistente Linux-Partitionen erstellen","Δημιουργήστε μόνιμα διαμερίσματα Linux","יצירת מחיצות Linux קבועות","Tartós Linux partíciók készítése","Buat partisi Linux yang tetap/persistent","Crea partizioni persistenti Linux","記録用Linuxパーティションを作成します。","영구 리눅스 파티션 만들기","Izveido pastāvīgas Linux partīcijas","Sukurkite nuolatinius Linux skaidinius","Buat partition Linux berterusan","Lag persistente Linux partisjoner","ایجاد پارتیشن های لینوکس دائمی","Stwórz particje persistent Linuxa","Criar partições persistentes para Linux","Crie partições persistentes para Linux","Crează partiție de Linux persistentă","Создать постоянные разделы Linux","Kreiranje upornih Linux particija","Vytvorte trvalé oblasti systému Linux","Ustvarjanje trajnih Linux particij","Crear particiones persistentes de Linux","Skapa beständiga Linux-partitioner","สร้างพาร์ทิชั่นของ Linux แบบถาวร","Kalıcı Linux bölümleri oluşturun","Створення розділу збереження Linux","Tạo phân vùng Linux liên tục"
"Feature9","708","Text","","Create VHD/DD images of the selected drive","إنشاء صور VHD / DD لمحرك الأقراص المحدد","Създаване на VHD/DD образи на избраното устройство","为选择的驱动器创建 VHD/DD 镜像","為選中的磁碟機建立 VHD/DD 映像檔","Stvaranje VHD/DD slika odabranog pogona","Vytvoření obrazů VHD/DD z vybrané jednotky","Lav VHD/DD billeder af det valgte drev","VHD/DD-images van de geselecteerde schijf aanmaken","Luo VHD/DD-kuvia valitusta asemasta","Créez des images VHD/DD du périphérique sélectionné","VHD/DD-Images des ausgewählten Laufwerks erstellen","Δημιουργήστε εικόνες VHD/DD της επιλεγμένης μονάδας δίσκου","יצירת קובצי תמונה מסוג VHD/DD של הכונן שנבחר","VHD/DD képfájl készítése a kiválasztott meghajtóról","Buat image VHD/DD dari penyimpanan yang dipilih","Crea immagini VHD/DD dell'unità selezionata","選択されたドライブのVHD/DDイメージを作成します。","선택한 드라이브의 VHD/DD 이미지 만들기","Izveido izvēlētā diska VHD/DD virtuālos attēlus","Sukurkite pasirinkto disko VHD / DD vaizdus","Buat imej VHD/DD bagi pemacu yang dipilih","Lag VHD/DD speilinger av valgt disk","تصاویر VHD/DD از درایو انتخاب شده ایجاد کنید","Stwórz obraz VHD/DD z wybranego dysku","Criar imagens VHD/DD do dispositivo selecionado","Criar imagens VHD/DD do dispositivo selecionado","Crează imagini VHD/DD de pe drive-ul selectat","Создать образы VHD/DD выбранного диска","Kreiranje VHD/DD slika izabrane disk jedinice","Vytvorte obrazy VHD/DD z vybratej jednotky","Ustvarjanje VHD/DD slik izbranega pogona","Cree imágenes VHD/DD de la unidad seleccionada","Skapa VHD/DD-avbilder av den valda enheten","สร้างอิมเมจไฟล์แบบ VHD/DD ของไดร์ฟที่เลือก","Seçilen sürücünün VHD/DD yansılarını oluşturun","Створення образів VHD/DD з вибраних дисків","Tạo tệp VHD/DD từ ổ đĩa đã chọn"
"Feature10","709","Text","","Compute MD5, SHA-1, SHA-256 and SHA-512 checksums of the selected image","حساب المجموع الاختباري MD5 و SHA-1 و SHA-256 و SHA-512 للصورة المحددة","Изчисляване на MD5, SHA-1, SHA-256 и SHA-512 чексуми на избраният образ","计算被选择镜像的 MD5、SHA-1、SHA-256 和 SHA-512 校验码","計算被選中映像的 MD5、SHA-1、SHA-256 和 SHA-512 檢查碼","Izračunajte kontrolne zbrojeve odabrane slike MD5, SHA-1, SHA-256 i SHA-512","Výpočet kontrolních součtů MD5, SHA-1, SHA-256 a SHA-512 vybraného obrazu","Beregn MD5, SHA-1, SHA-256 og SHA-512 checksums af det valgte billede","MD5, SHA-1, SHA-256 en SHA-512 controlesommen berekenen van de geselecteerde image","Laske MD5, SHA-1, SHA-256 ja SHA-512 tarkistussummia valitusta levykuvasta","Calculez les sommes de contrôle MD5, SHA-1, SHA-256 et SHA-512 de l'image sélectionnée","Berechnung von MD5-, SHA-1-, SHA-256- und SHA-512-Prüfsummen für das ausgewählte Bild","Υπολογίστε τα αθροίσματα ελέγχου MD5, SHA-1, SHA-256 και SHA-512 της επιλεγμένης εικόνας","חישוב סיכומי ביקורת מסוג MD5,‏ SHA-1,‏ SHA-256 ו־SHA-512 של קובץ התמונה שנבחרה","A kiválasztott képfájl MD5, SHA-1, SHA-256 és SHA-512 ellenőrző összegének kiszámítása","Hitung checksum MD5, SHA-1, SHA-256 dan SHA-512 dari image yang dipilih","Calcola i checksum MD5, SHA-1, SHA-256 e SHA-512 dell'immagine selezionata","選択されたイメージのMD5、SHA-1、SHA-256及びSHA-512チェックサムを計算します。","선택한 이미지의 MD5, SHA-1, SHA-256 및 SHA-512 체크섬 계산","Izskaitļo izvēlētā virtuālā attēla MD5, SHA-1, SHA-256 un SHA-512 kontrolsummas","Apskaičiuokite pasirinkto vaizdo MD5, SHA-1, SHA-256 ir SHA-512 kontrolines sumas","Kira MD5, SHA-1, SHA-256 dan SHA-512 checksum imej yang dipilih","Kalkuler MD5, SHA-1, SHA-256 og SHA-512 sjekksummer fra valgt speiling","MD5، SHA-1، SHA-256 و SHA-512 را برای تصویر انتخابی محاسبه کنید","Oblicz sumy kontrolne MD5, SHA-1, SHA-256 i SHA-512 dla wybranego obrazu","Calcular somas de verificação MD5, SHA-1, SHA-256 e SHA-512 da imagem selecionada","Calcular checksums MD5, SHA-1, SHA-256 e SHA-512 da imagem selecionada","Compută MD5, SHA-1, SHA-256 și SHA-512 suma de control ale imaginilor selectate","Вычислить контрольные суммы MD5, SHA-1, SHA-256 и SHA-512 выбранного образа","Izračunajte MD5, SHA-1, SHA-256 i SHA-512 kontrolne preglede izabrane slike","Vypočítajte kontrolné súčty vybratého obrazu (MD5, SHA-1, SHA-256 a SHA-512)","Račun MD5, SHA-1, SHA-256 in SHA-512 kontrolni vsoti izbrane slike","Calcule las sumas de comprobación MD5, SHA-1, SHA-256 y SHA-512 de la imagen seleccionada","Beräkna kontrollsummor MD5, SHA-1, SHA-256 och SHA-512 för den valda avbilden","คำนวนรหัส MD5, SHA-1, SHA-256, SHA-512 ของไฟล์อิมเมจที่เลือก","Seçilen yansının MD5, SHA-1, SHA-256 ve SHA-512 sağlama toplamlarını hesaplayın","Обчислення контрольних сум MD5, SHA-1, SHA-256 та SHA-512 для вибраних образів","Tính tổng kiểm MD5, SHA-1, SHA-256 và SHA-512 của tệp đã chọn"
"Feature11","710","Text","","Perform bad blocks checks, including detection of ""fake"" flash drives","إجراء فحوصات كتل تالفة ، بما في ذلك الكشف عن محركات أقراص فلاش ""زائفة\","Проверяване за лоши блокове, включително засичане на ""фалшиви"" устройства","执行坏块检查，包括对”假“U盘的检测","執行壞軌檢查，包括對”假“USB 快閃磁碟機的偵測","Izvršite provjere loših blokova, uključujući otkrivanje ""lažnih"" flash pogona","Provést kontrolu vadných bloků, včetně detekce ""falešných"" bloků. flash disky","Udøv dårlige blokke tjeks, inklusiv opdagelse af ""falske"" flashdrev","Controles uitvoeren op slechte blokken, inclusief detectie van ""valse"" flashdrives","Suorita viallisten lohkojen tarkistuksia, sisältäen ""valheellisten"" muistitikkujen tunnistamisen","Executez un test de mauvais secteurs avec detection des ""fake drives\","Durchführung von Prüfungen auf fehlerhafte Blöcke, einschließlich der Erkennung von ""gefälschten"" Flash-Laufwerken","Εκτελέστε ελέγχους εσφαλμένων block, συμπεριλαμβανομένου του εντοπισμού ""ψευδών"" μονάδων flash","ביצוע בדיקות אחר בלוקים (אזורים) פגומים, כולל זיהוי של כונני הבזק ""מזוייפים\","Hibás blokkok ellenőrzése, beleértve a ""hamis"" flash meghajtók detektálását","Lakukan cek Blok yang buruk, termasuk deteksi USB Flash Disk ""PALSU\","Esegui controlli dei blocchi danneggiati, incluso il rilevamento di unità flash ""false\","不良ブロックチェック及び容量詐欺ドライブの検知を行います。","""위조"" 플래시 드라이브 감지를 포함하여 불량 블록 검사 수행","Izpilda bojāto bloku pārbaudi ieskaitot ""falsificēto"" nesēju noteikšanu","Atlikite blogų blokų patikrinimus, įskaitant ""netikrų"" flash diskų aptikimą","Melakukan pemeriksaan blok buruk, termasuk pengesanan pemacu kilat ""palsu\","Utfør sjekk for dårlige sektorer, inkludert sjekk for forfalskede flash disker","بررسی بلوک های بد، از جمله تشخیص درایوهای فلش ""جعلی"" را انجام دهید","Sprawdź dysk pod względem spójności danych lub wykryj ""nieorginalny"" pendrive","Executar verificações de blocos defeituosos, incluindo detecção de unidades flash ""falsificadas\","Executar verificações de blocos inválidos, incluindo a detecção de unidades flash ""falsas\","Verifică blocuri rele, incluzând detectarea de drive-uri flash ""false\","Проверить наличие плохих блоков, обнаружить ""поддельные"" флешки","Izvršite provere loših blokova, uključujući otkrivanje ""lažnih"" fleš diskova","Vykonajte kontroly zlých blokov vrátane detekcie „falošných"" prenosných diskov","Izvajanje preverjanj slabih blokov, vključno z odkrivanjem »lažnih« bliskavic","Realice comprobaciones de bloques defectuosos, incluida la detección de unidades flash ""falsas\","Utför kontroll av trasiga block, inklusive upptäckt av ""falska"" USB-minnen","ดำเนินการตรวจสอบบล็อกข้อมูลที่พัง รวมไปถึงการทดสอบว่าเป็นแฟลชไดร์ฟ ""ปลอม"" หรือไม่","""Sahte"" flash sürücülerin tespiti de dahil olmak üzere hatalı blok kontrolleri gerçekleştirin","Перевірка дисків (включаючи фальшиві диски)","Thực hiện kiểm tra điểm lỗi, bao gồm phát hiện ổ đĩa ""giả\"
"Feature12","711","Text","","Download official Microsoft Windows retail ISOs","قم بتنزيل ملفات ISO الرسمية الخاصة بـ Microsoft Windows","Изтегляне на официални Microsoft Windows ISO образи","下载微软官方 Windows 镜像","下載微軟官方 Windows 映像檔","Preuzimanje službenih ISO-ova za maloprodaju sustava Microsoft Windows","Stažení oficiálních souborů ISO systému Microsoft Windows","Hent officielle Microsoft Windows detail ISOer","Officiële Microsoft Windows retail ISO's downloaden","Lataa virallisia Microsoft Windowsin jälleenmyyntiversion ISO-levykuvia","Téléchargez des images ISOs commerciales officielles de Microsoft Windows","Offizielle Microsoft Windows-ISOs herunterladen","Κατεβάστε τα επίσημα retail ISO των Microsoft Windows","הורדת קובצי ה־ISO הקמעונאיים הרשמיים של Microsoft Windows","Hivatalos Microsoft Windows kiskereskedelmi ISO képfájlok letöltése","Unduh ISO Microsoft Windows resmi","Scarica le ISO ufficiali di Microsoft Windows","マイクロソフト公式のWindows ISOをダウンロードします。","공식 Microsoft Windows 리테일 ISO 다운로드","Lejupielādē oficiālos Microsoft ISO failus","Atsisiųskite oficialius Microsoft Windows mažmeninės prekybos ISO","Muat turun rasmi ISO runcit Microsoft Windows","Last ned offisielle Windows ISOer","ISO های رسمی ماکروسافت را دریافت کنید","Pobierz oficjalny obraz ISO systemu Microsoft Windows","Baixar ISOs oficiais do Microsoft Windows","Transferir ISOs oficiais do Microsoft Windows Retail","Descarcă un Microsoft Windows ISO oficial de vânzare","Загрузить официальные ISO-образы Windows","Preuzmite zvanične Microsoft Windows maloprodajne ISO-ove","Stiahnite si oficiálne ISO pre Microsoft Windows","Prenos uradnih Microsoft Windows maloprodaja ISOs","Descargue los ISO oficiales de Microsoft Windows","Ladda ner officiella Microsoft Windows ISO-filer","ดาวน์โหลดอิมเมจไฟล์ของ Windows จากเว็บไซต์ทางการ","Resmi Microsoft Windows Retail ISO'larını indirin","Завантаження офіційних образів Microsoft Windows","Tải xuống các tệp Microsoft Windows ISO bán lẻ chính thức"
"Feature13","712","Text","","Download UEFI Shell ISOs","قم بتنزيل UEFI Shell ISOs","Изтегляне на UEFI Shell образи","下载 UEFI Shell 镜像","下載 UEFI Shell 映像檔","Preuzmite ISO-ove UEFI ljuske","Stažení souborů UEFI Shell ISO","Hent UEFI Shell ISOer","UEFI Shell ISO's downloaden","Lataa UEFI Shell ISO-levykuvia","Téléchargez des images ISOs du Shell UEFI","UEFI-Shell-ISOs herunterladen","Κατεβάστε τα ISO Shell UEFI","הורדת קובצי ISO של מעטפת UEFI","UEFI Shell ISO képfájlok letöltése","Unduh Shell ISO UEFI","Scarica le ISO della shell UEFI","UEFIシェルのISOをダウンロードします。","UEFI Shell ISO 다운로드","Lejupielādē UEFI OS ISO failus","Atsisiųskite UEFI Shell ISO","Muat turun ISO Shell UEFI","Last ned UEFI kommandolinje ISOer","ISO های پوسته UEFI را دانلود کنید","Ściągnij obrazy ISO UEFI Shell","Baixar ISOs do Shell UEFI","Transferir ISOs de UEFI Shell","Descarcă UEFI Shell ISO-uri","Загрузить ISO-образы оболочки UEFI","Preuzmite UEFI Shell ISOs","Stiahnite UEFI Shell ISO","Prenos UEFI Shell ISOs","Descargar ISO de UEFI Shell","Ladda ner UEFI-shell ISO-filer","ดาวน์โหลดอิมเมจไฟล์ของ UEFI Shell","UEFI Shell ISO'larını indirin","Завантаження командної оболонки UEFI ISO","Tải xuống các tệp UEFI Shell ISO"
"Feature14","713","Text","",,,,,,,,,,,,,,,,,,,,,,,,,,,,,,,,,,,,,,
"Feature15","714","Text","",,,,,,,,,,,,,,,,,,,,,,,,,,,,,,,,,,,,,,
"Feature16","715","Text","",,,,,,,,,,,,,,,,,,,,,,,,,,,,,,,,,,,,,,
"Feature17","716","Text","",,,,,,,,,,,,,,,,,,,,,,,,,,,,,,,,,,,,,,
"Feature18","717","Text","",,,,,,,,,,,,,,,,,,,,,,,,,,,,,,,,,,,,,,
"Feature19","718","Text","",,,,,,,,,,,,,,,,,,,,,,,,,,,,,,,,,,,,,,
"Feature20","719","Text","",,,,,,,,,,,,,,,,,,,,,,,,,,,,,,,,,,,,,,
"MinimumHardwareReq1","800","Text","",,,,,,,,,,,,,,,,,,,,,,,,,,,,,,,,,,,,,,
"MinimumHardwareReq2","801","Text","",,,,,,,,,,,,,,,,,,,,,,,,,,,,,,,,,,,,,,
"MinimumHardwareReq3","802","Text","",,,,,,,,,,,,,,,,,,,,,,,,,,,,,,,,,,,,,,
"MinimumHardwareReq4","803","Text","",,,,,,,,,,,,,,,,,,,,,,,,,,,,,,,,,,,,,,
"MinimumHardwareReq5","804","Text","",,,,,,,,,,,,,,,,,,,,,,,,,,,,,,,,,,,,,,
"MinimumHardwareReq6","805","Text","",,,,,,,,,,,,,,,,,,,,,,,,,,,,,,,,,,,,,,
"MinimumHardwareReq7","806","Text","",,,,,,,,,,,,,,,,,,,,,,,,,,,,,,,,,,,,,,
"MinimumHardwareReq8","807","Text","",,,,,,,,,,,,,,,,,,,,,,,,,,,,,,,,,,,,,,
"MinimumHardwareReq9","808","Text","",,,,,,,,,,,,,,,,,,,,,,,,,,,,,,,,,,,,,,
"MinimumHardwareReq10","809","Text","",,,,,,,,,,,,,,,,,,,,,,,,,,,,,,,,,,,,,,
"MinimumHardwareReq11","810","Text","",,,,,,,,,,,,,,,,,,,,,,,,,,,,,,,,,,,,,,
"RecommendedHardwareReq1","850","Text","",,,,,,,,,,,,,,,,,,,,,,,,,,,,,,,,,,,,,,
"RecommendedHardwareReq2","851","Text","",,,,,,,,,,,,,,,,,,,,,,,,,,,,,,,,,,,,,,
"RecommendedHardwareReq3","852","Text","",,,,,,,,,,,,,,,,,,,,,,,,,,,,,,,,,,,,,,
"RecommendedHardwareReq4","853","Text","",,,,,,,,,,,,,,,,,,,,,,,,,,,,,,,,,,,,,,
"RecommendedHardwareReq5","854","Text","",,,,,,,,,,,,,,,,,,,,,,,,,,,,,,,,,,,,,,
"RecommendedHardwareReq6","855","Text","",,,,,,,,,,,,,,,,,,,,,,,,,,,,,,,,,,,,,,
"RecommendedHardwareReq7","856","Text","",,,,,,,,,,,,,,,,,,,,,,,,,,,,,,,,,,,,,,
"RecommendedHardwareReq8","857","Text","",,,,,,,,,,,,,,,,,,,,,,,,,,,,,,,,,,,,,,
"RecommendedHardwareReq9","858","Text","",,,,,,,,,,,,,,,,,,,,,,,,,,,,,,,,,,,,,,
"RecommendedHardwareReq10","859","Text","",,,,,,,,,,,,,,,,,,,,,,,,,,,,,,,,,,,,,,
"RecommendedHardwareReq11","860","Text","",,,,,,,,,,,,,,,,,,,,,,,,,,,,,,,,,,,,,,
"SearchTerm1","900","Text","Boot","Boot","التمهيد (Boot)","","启动","啟動","","","","","Boottaus","Amorçable","","","בוט","","","Avvio","起動","부팅","","Batas","","Oppstart","راه‌اندازی","","Inicialização","Inicializável","Bootează","Загрузочный","","","Zagonska","Arranque","Uppstart","","Önyükle","Отримати","Khởi động"
"SearchTerm2","901","Text","USB",,,,,,,,,,,,,,,,,,,,,,,,,,,,,,,,,,,,,,
"SearchTerm3","902","Text","ISO",,,,,,,,,,,,,,,,,,,,,,,,,,,,,,,,,,,,,,
"SearchTerm4","903","Text","Windows",,,,,,,,,,,,,,,,,,,,,,,,,,,,,,,,,,,,,,
"SearchTerm5","904","Text","Linux",,,,,,,,,,,,,,,,,,,,,,,,,,,,,,,,,,,,,,
"SearchTerm6","905","Text","UEFI",,,,,,,,,,,,,,,,,,,,,,,,,,,,,,,,,,,,,,
"SearchTerm7","906","Text","Windows To Go",,,,,,,,,,,,,,,,,,,,,,,,,,,,,,,,,,,,,,
"TrailerToPlayAtTopOfListing","999","Relative path (or URL to file in Partner Center)","",,,,,,,,,,,,,,,,,,,,,,,,,,,,,,,,,,,,,,
"Trailer1","1000","Relative path (or URL to file in Partner Center)","",,,,,,,,,,,,,,,,,,,,,,,,,,,,,,,,,,,,,,
"Trailer2","1001","Relative path (or URL to file in Partner Center)","",,,,,,,,,,,,,,,,,,,,,,,,,,,,,,,,,,,,,,
"Trailer3","1002","Relative path (or URL to file in Partner Center)","",,,,,,,,,,,,,,,,,,,,,,,,,,,,,,,,,,,,,,
"Trailer4","1003","Relative path (or URL to file in Partner Center)","",,,,,,,,,,,,,,,,,,,,,,,,,,,,,,,,,,,,,,
"Trailer5","1004","Relative path (or URL to file in Partner Center)","",,,,,,,,,,,,,,,,,,,,,,,,,,,,,,,,,,,,,,
"Trailer6","1005","Relative path (or URL to file in Partner Center)","",,,,,,,,,,,,,,,,,,,,,,,,,,,,,,,,,,,,,,
"Trailer7","1006","Relative path (or URL to file in Partner Center)","",,,,,,,,,,,,,,,,,,,,,,,,,,,,,,,,,,,,,,
"Trailer8","1007","Relative path (or URL to file in Partner Center)","",,,,,,,,,,,,,,,,,,,,,,,,,,,,,,,,,,,,,,
"Trailer9","1008","Relative path (or URL to file in Partner Center)","",,,,,,,,,,,,,,,,,,,,,,,,,,,,,,,,,,,,,,
"Trailer10","1009","Relative path (or URL to file in Partner Center)","",,,,,,,,,,,,,,,,,,,,,,,,,,,,,,,,,,,,,,
"Trailer11","1010","Relative path (or URL to file in Partner Center)","",,,,,,,,,,,,,,,,,,,,,,,,,,,,,,,,,,,,,,
"Trailer12","1011","Relative path (or URL to file in Partner Center)","",,,,,,,,,,,,,,,,,,,,,,,,,,,,,,,,,,,,,,
"Trailer13","1012","Relative path (or URL to file in Partner Center)","",,,,,,,,,,,,,,,,,,,,,,,,,,,,,,,,,,,,,,
"Trailer14","1013","Relative path (or URL to file in Partner Center)","",,,,,,,,,,,,,,,,,,,,,,,,,,,,,,,,,,,,,,
"Trailer15","1014","Relative path (or URL to file in Partner Center)","",,,,,,,,,,,,,,,,,,,,,,,,,,,,,,,,,,,,,,
"TrailerTitle1","1020","Text","",,,,,,,,,,,,,,,,,,,,,,,,,,,,,,,,,,,,,,
"TrailerTitle2","1021","Text","",,,,,,,,,,,,,,,,,,,,,,,,,,,,,,,,,,,,,,
"TrailerTitle3","1022","Text","",,,,,,,,,,,,,,,,,,,,,,,,,,,,,,,,,,,,,,
"TrailerTitle4","1023","Text","",,,,,,,,,,,,,,,,,,,,,,,,,,,,,,,,,,,,,,
"TrailerTitle5","1024","Text","",,,,,,,,,,,,,,,,,,,,,,,,,,,,,,,,,,,,,,
"TrailerTitle6","1025","Text","",,,,,,,,,,,,,,,,,,,,,,,,,,,,,,,,,,,,,,
"TrailerTitle7","1026","Text","",,,,,,,,,,,,,,,,,,,,,,,,,,,,,,,,,,,,,,
"TrailerTitle8","1027","Text","",,,,,,,,,,,,,,,,,,,,,,,,,,,,,,,,,,,,,,
"TrailerTitle9","1028","Text","",,,,,,,,,,,,,,,,,,,,,,,,,,,,,,,,,,,,,,
"TrailerTitle10","1029","Text","",,,,,,,,,,,,,,,,,,,,,,,,,,,,,,,,,,,,,,
"TrailerTitle11","1030","Text","",,,,,,,,,,,,,,,,,,,,,,,,,,,,,,,,,,,,,,
"TrailerTitle12","1031","Text","",,,,,,,,,,,,,,,,,,,,,,,,,,,,,,,,,,,,,,
"TrailerTitle13","1032","Text","",,,,,,,,,,,,,,,,,,,,,,,,,,,,,,,,,,,,,,
"TrailerTitle14","1033","Text","",,,,,,,,,,,,,,,,,,,,,,,,,,,,,,,,,,,,,,
"TrailerTitle15","1034","Text","",,,,,,,,,,,,,,,,,,,,,,,,,,,,,,,,,,,,,,
"TrailerThumbnail1","1040","Relative path (or URL to file in Partner Center)","",,,,,,,,,,,,,,,,,,,,,,,,,,,,,,,,,,,,,,
"TrailerThumbnail2","1041","Relative path (or URL to file in Partner Center)","",,,,,,,,,,,,,,,,,,,,,,,,,,,,,,,,,,,,,,
"TrailerThumbnail3","1042","Relative path (or URL to file in Partner Center)","",,,,,,,,,,,,,,,,,,,,,,,,,,,,,,,,,,,,,,
"TrailerThumbnail4","1043","Relative path (or URL to file in Partner Center)","",,,,,,,,,,,,,,,,,,,,,,,,,,,,,,,,,,,,,,
"TrailerThumbnail5","1044","Relative path (or URL to file in Partner Center)","",,,,,,,,,,,,,,,,,,,,,,,,,,,,,,,,,,,,,,
"TrailerThumbnail6","1045","Relative path (or URL to file in Partner Center)","",,,,,,,,,,,,,,,,,,,,,,,,,,,,,,,,,,,,,,
"TrailerThumbnail7","1046","Relative path (or URL to file in Partner Center)","",,,,,,,,,,,,,,,,,,,,,,,,,,,,,,,,,,,,,,
"TrailerThumbnail8","1047","Relative path (or URL to file in Partner Center)","",,,,,,,,,,,,,,,,,,,,,,,,,,,,,,,,,,,,,,
"TrailerThumbnail9","1048","Relative path (or URL to file in Partner Center)","",,,,,,,,,,,,,,,,,,,,,,,,,,,,,,,,,,,,,,
"TrailerThumbnail10","1049","Relative path (or URL to file in Partner Center)","",,,,,,,,,,,,,,,,,,,,,,,,,,,,,,,,,,,,,,
"TrailerThumbnail11","1050","Relative path (or URL to file in Partner Center)","",,,,,,,,,,,,,,,,,,,,,,,,,,,,,,,,,,,,,,
"TrailerThumbnail12","1051","Relative path (or URL to file in Partner Center)","",,,,,,,,,,,,,,,,,,,,,,,,,,,,,,,,,,,,,,
"TrailerThumbnail13","1052","Relative path (or URL to file in Partner Center)","",,,,,,,,,,,,,,,,,,,,,,,,,,,,,,,,,,,,,,
"TrailerThumbnail14","1053","Relative path (or URL to file in Partner Center)","",,,,,,,,,,,,,,,,,,,,,,,,,,,,,,,,,,,,,,
"TrailerThumbnail15","1054","Relative path (or URL to file in Partner Center)","",,,,,,,,,,,,,,,,,,,,,,,,,,,,,,,,,,,,,,
